id,Title,Content,SKU,Product Type,parent_id,Price,Stock Status,Stock,Total Sales,Attribute Name (pa_country),Attribute Value (pa_country),Attribute In Variations (pa_country),Attribute Is Visible (pa_country),Attribute Is Taxonomy (pa_country),Attribute Name (pa_dopusky),Attribute Value (pa_dopusky),Attribute In Variations (pa_dopusky),Attribute Is Visible (pa_dopusky),Attribute Is Taxonomy (pa_dopusky),Attribute Name (pa_energy),Attribute Value (pa_energy),Attribute In Variations (pa_energy),Attribute Is Visible (pa_energy),Attribute Is Taxonomy (pa_energy),Attribute Name (pa_forvehicle),Attribute Value (pa_forvehicle),Attribute In Variations (pa_forvehicle),Attribute Is Visible (pa_forvehicle),Attribute Is Taxonomy (pa_forvehicle),Attribute Name (pa_howmuch),Attribute Value (pa_howmuch),Attribute In Variations (pa_howmuch),Attribute Is Visible (pa_howmuch),Attribute Is Taxonomy (pa_howmuch),Attribute Name (pa_kind),Attribute Value (pa_kind),Attribute In Variations (pa_kind),Attribute Is Visible (pa_kind),Attribute Is Taxonomy (pa_kind),Attribute Name (pa_sae),Attribute Value (pa_sae),Attribute In Variations (pa_sae),Attribute Is Visible (pa_sae),Attribute Is Taxonomy (pa_sae),Attribute Name (pa_spec),Attribute Value (pa_spec),Attribute In Variations (pa_spec),Attribute Is Visible (pa_spec),Attribute Is Taxonomy (pa_spec),Attribute Name (pa_tact),Attribute Value (pa_tact),Attribute In Variations (pa_tact),Attribute Is Visible (pa_tact),Attribute Is Taxonomy (pa_tact),Attribute Name (pa_usefor),Attribute Value (pa_usefor),Attribute In Variations (pa_usefor),Attribute Is Visible (pa_usefor),Attribute Is Taxonomy (pa_usefor),Attribute Name (pa_virobnik),Attribute Value (pa_virobnik),Attribute In Variations (pa_virobnik),Attribute Is Visible (pa_virobnik),Attribute Is Taxonomy (pa_virobnik),Attribute Name (%d0%bc%d0%b0%d1%80%d0%ba%d0%b0-%d0%b0%d0%b2%d1%82%d0%be%d0%bc%d0%be%d0%b1%d1%96%d0%bb%d1%8f),Attribute Value (%d0%bc%d0%b0%d1%80%d0%ba%d0%b0-%d0%b0%d0%b2%d1%82%d0%be%d0%bc%d0%be%d0%b1%d1%96%d0%bb%d1%8f),Attribute In Variations (%d0%bc%d0%b0%d1%80%d0%ba%d0%b0-%d0%b0%d0%b2%d1%82%d0%be%d0%bc%d0%be%d0%b1%d1%96%d0%bb%d1%8f),Attribute Is Visible (%d0%bc%d0%b0%d1%80%d0%ba%d0%b0-%d0%b0%d0%b2%d1%82%d0%be%d0%bc%d0%be%d0%b1%d1%96%d0%bb%d1%8f),Attribute Is Taxonomy (%d0%bc%d0%b0%d1%80%d0%ba%d0%b0-%d0%b0%d0%b2%d1%82%d0%be%d0%bc%d0%be%d0%b1%d1%96%d0%bb%d1%8f),Attribute Name (%d0%bc%d0%be%d0%b4%d0%b5%d0%bb%d1%8c-%d0%b2%d0%b0%d1%88%d0%be%d0%b3%d0%be-%d0%b0%d0%b2%d1%82%d0%be%d0%bc%d0%be%d0%b1%d1%96%d0%bb%d1%8f),Attribute Value (%d0%bc%d0%be%d0%b4%d0%b5%d0%bb%d1%8c-%d0%b2%d0%b0%d1%88%d0%be%d0%b3%d0%be-%d0%b0%d0%b2%d1%82%d0%be%d0%bc%d0%be%d0%b1%d1%96%d0%bb%d1%8f),Attribute In Variations (%d0%bc%d0%be%d0%b4%d0%b5%d0%bb%d1%8c-%d0%b2%d0%b0%d1%88%d0%be%d0%b3%d0%be-%d0%b0%d0%b2%d1%82%d0%be%d0%bc%d0%be%d0%b1%d1%96%d0%bb%d1%8f),Attribute Is Visible (%d0%bc%d0%be%d0%b4%d0%b5%d0%bb%d1%8c-%d0%b2%d0%b0%d1%88%d0%be%d0%b3%d0%be-%d0%b0%d0%b2%d1%82%d0%be%d0%bc%d0%be%d0%b1%d1%96%d0%bb%d1%8f),Attribute Is Taxonomy (%d0%bc%d0%be%d0%b4%d0%b5%d0%bb%d1%8c-%d0%b2%d0%b0%d1%88%d0%be%d0%b3%d0%be-%d0%b0%d0%b2%d1%82%d0%be%d0%bc%d0%be%d0%b1%d1%96%d0%bb%d1%8f),Attribute Name (%d0%be%d0%b1%d1%94%d0%bc-%d0%b4%d0%b2%d0%b8%d0%b3%d1%83%d0%bd%d0%b0),Attribute Value (%d0%be%d0%b1%d1%94%d0%bc-%d0%b4%d0%b2%d0%b8%d0%b3%d1%83%d0%bd%d0%b0),Attribute In Variations (%d0%be%d0%b1%d1%94%d0%bc-%d0%b4%d0%b2%d0%b8%d0%b3%d1%83%d0%bd%d0%b0),Attribute Is Visible (%d0%be%d0%b1%d1%94%d0%bc-%d0%b4%d0%b2%d0%b8%d0%b3%d1%83%d0%bd%d0%b0),Attribute Is Taxonomy (%d0%be%d0%b1%d1%94%d0%bc-%d0%b4%d0%b2%d0%b8%d0%b3%d1%83%d0%bd%d0%b0),Attribute Name (%d0%be%d0%b1%d1%94%d0%bc-%d0%b4%d0%b2%d0%b8%d0%b3%d1%83%d0%bd%d0%b0-%d0%bb),Attribute Value (%d0%be%d0%b1%d1%94%d0%bc-%d0%b4%d0%b2%d0%b8%d0%b3%d1%83%d0%bd%d0%b0-%d0%bb),Attribute In Variations (%d0%be%d0%b1%d1%94%d0%bc-%d0%b4%d0%b2%d0%b8%d0%b3%d1%83%d0%bd%d0%b0-%d0%bb),Attribute Is Visible (%d0%be%d0%b1%d1%94%d0%bc-%d0%b4%d0%b2%d0%b8%d0%b3%d1%83%d0%bd%d0%b0-%d0%bb),Attribute Is Taxonomy (%d0%be%d0%b1%d1%94%d0%bc-%d0%b4%d0%b2%d0%b8%d0%b3%d1%83%d0%bd%d0%b0-%d0%bb),Attribute Name (%d1%80%d1%96%d0%ba-%d0%b2%d0%b8%d0%bf%d1%83%d1%81%d0%ba%d1%83),Attribute Value (%d1%80%d1%96%d0%ba-%d0%b2%d0%b8%d0%bf%d1%83%d1%81%d0%ba%d1%83),Attribute In Variations (%d1%80%d1%96%d0%ba-%d0%b2%d0%b8%d0%bf%d1%83%d1%81%d0%ba%d1%83),Attribute Is Visible (%d1%80%d1%96%d0%ba-%d0%b2%d0%b8%d0%bf%d1%83%d1%81%d0%ba%d1%83),Attribute Is Taxonomy (%d1%80%d1%96%d0%ba-%d0%b2%d0%b8%d0%bf%d1%83%d1%81%d0%ba%d1%83),Image URL,Image Filename,Image Path,Image ID,Image Title,Image Caption,Image Description,Image Alt Text,Attachment URL,Attachment Filename,Attachment Path,Attachment ID,Attachment Title,Attachment Caption,Attachment Description,Attachment Alt Text,Product Type,????????? ???????,Manage Stock,Backorders
62,????? ??????? BMW TwinPower Turbo LL-04 5W-30 1? (83212365933),"???????????? ??????? BMW Group.

??????? ????? BMW TwinPower Turbo Longlife-04 SAE 5W-30 ?????????? ??? ???? ????????? ???????? BMW ? ??????? ???????? ? ??? ?????.",5674535,simple,0,242,instock,100,50,?????? ????????????,,no,no,no,???????,,no,no,no,???????????????? ???????,,no,no,no,??? ???? ????????,,no,no,no,??'?? ??????,,no,no,no,??? ?????,,no,no,no,?'??????? ??????? ?? SAE,,no,no,no,????????????,,no,no,no,????????? ?????? ???????,,no,no,no,????????????? ???,,no,no,no,????????,,no,no,no,%d0%bc%d0%b0%d1%80%d0%ba%d0%b0-%d0%b0%d0%b2%d1%82%d0%be%d0%bc%d0%be%d0%b1%d1%96%d0%bb%d1%8f,,no,no,no,%d0%bc%d0%be%d0%b4%d0%b5%d0%bb%d1%8c-%d0%b2%d0%b0%d1%88%d0%be%d0%b3%d0%be-%d0%b0%d0%b2%d1%82%d0%be%d0%bc%d0%be%d0%b1%d1%96%d0%bb%d1%8f,,no,no,no,%d0%be%d0%b1%d1%94%d0%bc-%d0%b4%d0%b2%d0%b8%d0%b3%d1%83%d0%bd%d0%b0,,no,no,no,%d0%be%d0%b1%d1%94%d0%bc-%d0%b4%d0%b2%d0%b8%d0%b3%d1%83%d0%bd%d0%b0-%d0%bb,,no,no,no,%d1%80%d1%96%d0%ba-%d0%b2%d0%b8%d0%bf%d1%83%d1%81%d0%ba%d1%83,,no,no,no,http://regosso-001-site1.ctempurl.com/wordpress/wp-content/uploads/2016/08/319244991_w640_h640_66d9aas_960.jpg,319244991_w640_h640_66d9aas_960.jpg,H:\root\home\regosso-001\www\germanoil1\wordpress/wp-content/uploads/2016/08/319244991_w640_h640_66d9aas_960.jpg,90,319244991_w640_h640_66d9aas_960,,,319244991_w640_h640_66d9aas_960,,,,,,,,,simple,"?????, ?????????>????? ???????>BMW",yes,no
77,"???????? ?????????? BMW Kuehlerfrostschutz 1,5?","&nbsp;

BMW Kuehlerfrostschutz ? ?????????? ???????????? ???????????? ??????. ????? ?????-???????. ?????????????? ? ???????? ??????????? ??????????? BMW. ?????????????? ????????????? ??????????? ? ????? ? ????????? 1:1. ??????????? ?????????? ??????? -40°?.",4567345,simple,0,229,outofstock,34,10,?????? ????????????,?????????,no,yes,yes,???????,BMW Longlife-04,no,yes,yes,???????????????? ???????,???,no,yes,yes,??? ???? ????????,??? ????,no,yes,yes,??'?? ??????,1.0 (?),no,yes,yes,??? ?????,??????????,no,yes,yes,?'??????? ??????? ?? SAE,5W-30,no,yes,yes,????????????,ACEA C3|API SN,no,yes,yes,????????? ?????? ???????,??????????????,no,yes,yes,????????????? ???,???????? ???????????,no,yes,yes,????????,BMW,no,no,no,%d0%bc%d0%b0%d1%80%d0%ba%d0%b0-%d0%b0%d0%b2%d1%82%d0%be%d0%bc%d0%be%d0%b1%d1%96%d0%bb%d1%8f,,no,no,no,%d0%bc%d0%be%d0%b4%d0%b5%d0%bb%d1%8c-%d0%b2%d0%b0%d1%88%d0%be%d0%b3%d0%be-%d0%b0%d0%b2%d1%82%d0%be%d0%bc%d0%be%d0%b1%d1%96%d0%bb%d1%8f,,no,no,no,%d0%be%d0%b1%d1%94%d0%bc-%d0%b4%d0%b2%d0%b8%d0%b3%d1%83%d0%bd%d0%b0,,no,no,no,%d0%be%d0%b1%d1%94%d0%bc-%d0%b4%d0%b2%d0%b8%d0%b3%d1%83%d0%bd%d0%b0-%d0%bb,,no,no,no,%d1%80%d1%96%d0%ba-%d0%b2%d0%b8%d0%bf%d1%83%d1%81%d0%ba%d1%83,,no,no,no,http://regosso-001-site1.ctempurl.com/wordpress/wp-content/uploads/2016/08/318196117_w640_h640_antifreeze.jpg|http://regosso-001-site1.ctempurl.com/wordpress/wp-content/uploads/2016/08/cropped-cropped-penta3-2.png|http://regosso-001-site1.ctempurl.com/wordpress/wp-content/uploads/2016/08/417006432_w200_h200_antifriz4.jpg|http://regosso-001-site1.ctempurl.com/wordpress/wp-content/uploads/2016/08/328387935_w200_h200_brake_fluid.jpg,318196117_w640_h640_antifreeze.jpg|cropped-cropped-penta3-2.png|417006432_w200_h200_antifriz4.jpg|328387935_w200_h200_brake_fluid.jpg,H:\root\home\regosso-001\www\germanoil1\wordpress/wp-content/uploads/2016/08/318196117_w640_h640_antifreeze.jpg|H:\root\home\regosso-001\www\germanoil1\wordpress/wp-content/uploads/2016/08/cropped-cropped-penta3-2.png|H:\root\home\regosso-001\www\germanoil1\wordpress/wp-content/uploads/2016/08/417006432_w200_h200_antifriz4.jpg|H:\root\home\regosso-001\www\germanoil1\wordpress/wp-content/uploads/2016/08/328387935_w200_h200_brake_fluid.jpg,89|150|76|75,318196117_w640_h640_antifreeze|cropped-cropped-penta3-2.png|417006432_w200_h200_antifriz4|328387935_w200_h200_brake_fluid,????????? ?? ??????????? ??????,http://localhost/wordpress/wp-content/uploads/2016/08/cropped-cropped-penta3-2.png,Antifreeze,,,,,,,,,simple,"?????, ?????????>??????????? ??????",yes,notify
112,?????????? BMW,"??????? ???? ????? ???????? ??? ???????? ??? ?????, ? ???? ????????? ??’??????? ? ???? ?? ????????? ??????????? ?????? ?????????? ??? ?????????.
? ??????, ???? ?????, ???????:
- ?????, ?????? ??????????;
- ??? ???????;
- ??’?? ???????;
- VIN ????? ??????;
- ?????????? ??? ??? ?????????.",23452345,simple,0,1,instock,100,0,?????? ????????????,,no,no,no,???????,,no,no,no,???????????????? ???????,,no,no,no,??? ???? ????????,,no,no,no,??'?? ??????,,no,no,no,??? ?????,,no,no,no,?'??????? ??????? ?? SAE,,no,no,no,????????????,,no,no,no,????????? ?????? ???????,,no,no,no,????????????? ???,,no,no,no,????????,,no,no,no,%d0%bc%d0%b0%d1%80%d0%ba%d0%b0-%d0%b0%d0%b2%d1%82%d0%be%d0%bc%d0%be%d0%b1%d1%96%d0%bb%d1%8f,,no,no,no,%d0%bc%d0%be%d0%b4%d0%b5%d0%bb%d1%8c-%d0%b2%d0%b0%d1%88%d0%be%d0%b3%d0%be-%d0%b0%d0%b2%d1%82%d0%be%d0%bc%d0%be%d0%b1%d1%96%d0%bb%d1%8f,,no,no,no,%d0%be%d0%b1%d1%94%d0%bc-%d0%b4%d0%b2%d0%b8%d0%b3%d1%83%d0%bd%d0%b0,,no,no,no,%d0%be%d0%b1%d1%94%d0%bc-%d0%b4%d0%b2%d0%b8%d0%b3%d1%83%d0%bd%d0%b0-%d0%bb,,no,no,no,%d1%80%d1%96%d0%ba-%d0%b2%d0%b8%d0%bf%d1%83%d1%81%d0%ba%d1%83,,no,no,no,http://regosso-001-site1.ctempurl.com/wordpress/wp-content/uploads/2016/08/BMW_logo.png,BMW_logo.png,H:\root\home\regosso-001\www\germanoil1\wordpress/wp-content/uploads/2016/08/BMW_logo.png,91,BMW_logo,,,bmw,,,,,,,,,simple,??????????,yes,no
113,?????????? Audi,"???? ???????? ???????? ??????????? ?? ????????????? <a href=""http://germanoil.in.ua/g11543025-zapchastini"">??????????</a> ??? ??????????? ????? Audi. ??????? ???? ????? ???????? ??? ???????? ??? ?????, ? ???? ????????? ??’??????? ? ???? ?? ????????? ??????????? ?????? ?????????? ??? ?????????.
? ??????, ???? ?????, ???????:
- ?????, ?????? ??????????;
- ??? ???????;
- ??’?? ???????;
- VIN ????? ??????;
- ?????????? ??? ??? ?????????.",3454545,simple,0,1,instock,100,5,?????? ????????????,,no,no,no,???????,,no,no,no,???????????????? ???????,,no,no,no,??? ???? ????????,,no,no,no,??'?? ??????,,no,no,no,??? ?????,,no,no,no,?'??????? ??????? ?? SAE,,no,no,no,????????????,,no,no,no,????????? ?????? ???????,,no,no,no,????????????? ???,,no,no,no,????????,,no,no,no,%d0%bc%d0%b0%d1%80%d0%ba%d0%b0-%d0%b0%d0%b2%d1%82%d0%be%d0%bc%d0%be%d0%b1%d1%96%d0%bb%d1%8f,,no,no,no,%d0%bc%d0%be%d0%b4%d0%b5%d0%bb%d1%8c-%d0%b2%d0%b0%d1%88%d0%be%d0%b3%d0%be-%d0%b0%d0%b2%d1%82%d0%be%d0%bc%d0%be%d0%b1%d1%96%d0%bb%d1%8f,,no,no,no,%d0%be%d0%b1%d1%94%d0%bc-%d0%b4%d0%b2%d0%b8%d0%b3%d1%83%d0%bd%d0%b0,,no,no,no,%d0%be%d0%b1%d1%94%d0%bc-%d0%b4%d0%b2%d0%b8%d0%b3%d1%83%d0%bd%d0%b0-%d0%bb,,no,no,no,%d1%80%d1%96%d0%ba-%d0%b2%d0%b8%d0%bf%d1%83%d1%81%d0%ba%d1%83,,no,no,no,http://regosso-001-site1.ctempurl.com/wordpress/wp-content/uploads/2016/08/Old_Audi_logo-e1471513947440.png,Old_Audi_logo-e1471513947440.png,H:\root\home\regosso-001\www\germanoil1\wordpress/wp-content/uploads/2016/08/Old_Audi_logo-e1471513947440.png,116,Old_Audi_logo,,,,,,,,,,,,simple,??????????,yes,no
117,?????????? ??? ????,"???? ???????? ???????? ??????????? ?? ????????????? <a href=""http://germanoil.in.ua/g11543025-zapchastini"">??????????</a> ??? ??????????? ????? <a href=""http://germanoil.in.ua/g5279047-mercedes-benz"">Mercedes-Benz</a>. ??????? ???? ????? ???????? ??? ???????? ??? ?????, ? ???? ????????? ??’??????? ? ???? ?? ????????? ??????????? ?????? ?????????? ??? ?????????.
? ??????, ???? ?????, ???????:
- ?????, ?????? ??????????;
- ??? ???????;
- ??’?? ???????;
- VIN ????? ??????;
- ?????????? ??? ??? ?????????.",2223434,variable,0,,instock,110,0,?????? ????????????,,no,no,no,???????,,no,no,no,???????????????? ???????,,no,no,no,??? ???? ????????,,no,no,no,??'?? ??????,,no,no,no,??? ?????,,no,no,no,?'??????? ??????? ?? SAE,,no,no,no,????????????,,no,no,no,????????? ?????? ???????,,no,no,no,????????????? ???,,no,no,no,????????,,no,no,no,%d0%bc%d0%b0%d1%80%d0%ba%d0%b0-%d0%b0%d0%b2%d1%82%d0%be%d0%bc%d0%be%d0%b1%d1%96%d0%bb%d1%8f,,yes,yes,no,%d0%bc%d0%be%d0%b4%d0%b5%d0%bb%d1%8c-%d0%b2%d0%b0%d1%88%d0%be%d0%b3%d0%be-%d0%b0%d0%b2%d1%82%d0%be%d0%bc%d0%be%d0%b1%d1%96%d0%bb%d1%8f,,no,yes,no,%d0%be%d0%b1%d1%94%d0%bc-%d0%b4%d0%b2%d0%b8%d0%b3%d1%83%d0%bd%d0%b0,,no,no,no,%d0%be%d0%b1%d1%94%d0%bc-%d0%b4%d0%b2%d0%b8%d0%b3%d1%83%d0%bd%d0%b0-%d0%bb,,yes,yes,no,%d1%80%d1%96%d0%ba-%d0%b2%d0%b8%d0%bf%d1%83%d1%81%d0%ba%d1%83,,yes,yes,no,,,,,,,,,,,,,,,,,variable,??????????,yes,notify
118,???????? ?118 ??? ?????????? ??? ????,,22334,variable,117,1,instock,0,,?????? ????????????,,no,no,no,???????,,no,no,no,???????????????? ???????,,no,no,no,??? ???? ????????,,no,no,no,??'?? ??????,,no,no,no,??? ?????,,no,no,no,?'??????? ??????? ?? SAE,,no,no,no,????????????,,no,no,no,????????? ?????? ???????,,no,no,no,????????????? ???,,no,no,no,????????,,no,no,no,%d0%bc%d0%b0%d1%80%d0%ba%d0%b0-%d0%b0%d0%b2%d1%82%d0%be%d0%bc%d0%be%d0%b1%d1%96%d0%bb%d1%8f,BMW,yes,yes,no,%d0%bc%d0%be%d0%b4%d0%b5%d0%bb%d1%8c-%d0%b2%d0%b0%d1%88%d0%be%d0%b3%d0%be-%d0%b0%d0%b2%d1%82%d0%be%d0%bc%d0%be%d0%b1%d1%96%d0%bb%d1%8f,,no,yes,no,%d0%be%d0%b1%d1%94%d0%bc-%d0%b4%d0%b2%d0%b8%d0%b3%d1%83%d0%bd%d0%b0,"1,2 ?",no,no,no,%d0%be%d0%b1%d1%94%d0%bc-%d0%b4%d0%b2%d0%b8%d0%b3%d1%83%d0%bd%d0%b0-%d0%bb,2.3,yes,yes,no,%d1%80%d1%96%d0%ba-%d0%b2%d0%b8%d0%bf%d1%83%d1%81%d0%ba%d1%83,2016,yes,yes,no,http://regosso-001-site1.ctempurl.com/wordpress/wp-content/uploads/2016/08/BMW_logo.png,BMW_logo.png,H:\root\home\regosso-001\www\germanoil1\wordpress/wp-content/uploads/2016/08/BMW_logo.png,91,BMW_logo,,,bmw,,,,,,,,,,,no,no
119,???????? ?119 ??? ?????????? ??? ????,,3454352,variable,117,1,instock,0,,?????? ????????????,,no,no,no,???????,,no,no,no,???????????????? ???????,,no,no,no,??? ???? ????????,,no,no,no,??'?? ??????,,no,no,no,??? ?????,,no,no,no,?'??????? ??????? ?? SAE,,no,no,no,????????????,,no,no,no,????????? ?????? ???????,,no,no,no,????????????? ???,,no,no,no,????????,,no,no,no,%d0%bc%d0%b0%d1%80%d0%ba%d0%b0-%d0%b0%d0%b2%d1%82%d0%be%d0%bc%d0%be%d0%b1%d1%96%d0%bb%d1%8f,Audi,yes,yes,no,%d0%bc%d0%be%d0%b4%d0%b5%d0%bb%d1%8c-%d0%b2%d0%b0%d1%88%d0%be%d0%b3%d0%be-%d0%b0%d0%b2%d1%82%d0%be%d0%bc%d0%be%d0%b1%d1%96%d0%bb%d1%8f,,no,yes,no,%d0%be%d0%b1%d1%94%d0%bc-%d0%b4%d0%b2%d0%b8%d0%b3%d1%83%d0%bd%d0%b0,,no,no,no,%d0%be%d0%b1%d1%94%d0%bc-%d0%b4%d0%b2%d0%b8%d0%b3%d1%83%d0%bd%d0%b0-%d0%bb,4.8,yes,yes,no,%d1%80%d1%96%d0%ba-%d0%b2%d0%b8%d0%bf%d1%83%d1%81%d0%ba%d1%83,2012,yes,yes,no,http://regosso-001-site1.ctempurl.com/wordpress/wp-content/uploads/2016/08/Old_Audi_logo-e1471513947440.png,Old_Audi_logo-e1471513947440.png,H:\root\home\regosso-001\www\germanoil1\wordpress/wp-content/uploads/2016/08/Old_Audi_logo-e1471513947440.png,116,Old_Audi_logo,,,,,,,,,,,,,,no,no
124,?????? ???????? Knecht OC115,"???????? ?????? Knecht ? ??????? ?????????? ????? ??????? ??????? ??????????? ????????, ??????? ???? ???????? ??????? ?????, ? ????? ?????? ?????? ?????? ???????. <a href=""http://germanoil.in.ua/g11544496-fltri"">???????</a> ?????? ?? ????????? ?????? ??????? ????? ??????. ?????????? ?????? ???????? ?????? ????? ?? ??????? ??????? ?? ????-???? ????, ? ????????? ???????? ?????? ???????????? ????? ?????? ??????? ??? ?????????? ???????.

<a href=""http://germanoil.in.ua/g8936178-maslyan-fltri"">??????? ???????</a> Knecht ???????????? ??????? ?????????? ?????? ????????-?????????? ???????????. ??? ????????? Knecht ????????? ??????? ???????? ??????.

?????? ????????? ??????? ???????? ????????? ??? ??? ?????? ?????, ?????????? ?? ?????????? ?????????? ?????????? ???????? (???????? 10-15 ???. ?? ??????? ??? 1 ??? ????????????).",123425635,simple,0,222,instock,99,1,?????? ????????????,???????,no,yes,yes,???????,,no,no,no,???????????????? ???????,,no,no,no,??? ???? ????????,,no,no,no,??'?? ??????,,no,no,no,??? ?????,,no,no,no,?'??????? ??????? ?? SAE,,no,no,no,????????????,,no,no,no,????????? ?????? ???????,,no,no,no,????????????? ???,,no,no,no,????????,Knecht,no,no,no,%d0%bc%d0%b0%d1%80%d0%ba%d0%b0-%d0%b0%d0%b2%d1%82%d0%be%d0%bc%d0%be%d0%b1%d1%96%d0%bb%d1%8f,,no,no,no,%d0%bc%d0%be%d0%b4%d0%b5%d0%bb%d1%8c-%d0%b2%d0%b0%d1%88%d0%be%d0%b3%d0%be-%d0%b0%d0%b2%d1%82%d0%be%d0%bc%d0%be%d0%b1%d1%96%d0%bb%d1%8f,,no,no,no,%d0%be%d0%b1%d1%94%d0%bc-%d0%b4%d0%b2%d0%b8%d0%b3%d1%83%d0%bd%d0%b0,,no,no,no,%d0%be%d0%b1%d1%94%d0%bc-%d0%b4%d0%b2%d0%b8%d0%b3%d1%83%d0%bd%d0%b0-%d0%bb,,no,no,no,%d1%80%d1%96%d0%ba-%d0%b2%d0%b8%d0%bf%d1%83%d1%81%d0%ba%d1%83,,no,no,no,http://regosso-001-site1.ctempurl.com/wordpress/wp-content/uploads/2016/08/327097365_w200_h200_oc115-2.jpg,327097365_w200_h200_oc115-2.jpg,H:\root\home\regosso-001\www\germanoil1\wordpress/wp-content/uploads/2016/08/327097365_w200_h200_oc115-2.jpg,125,327097365_w200_h200_oc115-2,,,,,,,,,,,,simple,???????>??????? ???????,yes,no
126,?????????? ?????? Knecht LX1008/3,"?????????? ?????? ???????, ??????? ??????? ??????, ?????? ??????? ?????? ? ?????????? ????????? ????????? ??????? ????????????? ???????? ??? ??????? ???????, ?? ???????????. ????????? <a href=""http://germanoil.in.ua/g8936184-povtryan-fltri"">??????? Knecht ??</a>???????? ?????????????? 99,9% ????, ???? ?? ????????? ????? ???. ??? ????? ??????????? ?????????? ???????????? ???????-?????????? ??????. ??????? ????? ??????? ????????? ?????? ? ???????? ????????? ??????? ????????????. ???????????? ??????? ??????????? ???????????? ???? ????????, ????????? ?????????, ????????? ??????, ??????????? ?? ????? ??????????? ???????. ??????? ? ??????? ?????????????? ???????? ??????????? ?????? ? ???? ?? ?????? ? ?????????????, ?????????? ?????????? ?????????? (10-20 ???. ?? ???????).

????????? ??????? Knecht ???????????? ??????? ?????????? ?????? ????????-?????????? ???????????. ??? ?????????Knecht ????????? ??????? ???????? ??????.",342623,simple,0,222,instock,100,6,?????? ????????????,???????,no,yes,yes,???????,,no,no,no,???????????????? ???????,,no,no,no,??? ???? ????????,,no,no,no,??'?? ??????,,no,no,no,??? ?????,,no,no,no,?'??????? ??????? ?? SAE,,no,no,no,????????????,,no,no,no,????????? ?????? ???????,,no,no,no,????????????? ???,,no,no,no,????????,Knecht,no,no,no,%d0%bc%d0%b0%d1%80%d0%ba%d0%b0-%d0%b0%d0%b2%d1%82%d0%be%d0%bc%d0%be%d0%b1%d1%96%d0%bb%d1%8f,,no,no,no,%d0%bc%d0%be%d0%b4%d0%b5%d0%bb%d1%8c-%d0%b2%d0%b0%d1%88%d0%be%d0%b3%d0%be-%d0%b0%d0%b2%d1%82%d0%be%d0%bc%d0%be%d0%b1%d1%96%d0%bb%d1%8f,,no,no,no,%d0%be%d0%b1%d1%94%d0%bc-%d0%b4%d0%b2%d0%b8%d0%b3%d1%83%d0%bd%d0%b0,,no,no,no,%d0%be%d0%b1%d1%94%d0%bc-%d0%b4%d0%b2%d0%b8%d0%b3%d1%83%d0%bd%d0%b0-%d0%bb,,no,no,no,%d1%80%d1%96%d0%ba-%d0%b2%d0%b8%d0%bf%d1%83%d1%81%d0%ba%d1%83,,no,no,no,http://regosso-001-site1.ctempurl.com/wordpress/wp-content/uploads/2016/08/Knecht-LX1008-3.jpg,Knecht-LX1008-3.jpg,H:\root\home\regosso-001\www\germanoil1\wordpress/wp-content/uploads/2016/08/Knecht-LX1008-3.jpg,127,Knecht-LX1008-3,,,,,,,,,,,,simple,???????>????????? ???????,yes,no
128,?????? ?????? Knecht LA100,"??? ??? ????, ? ????? ?????????? ???????? ?????? ????????? ????????? ???????. ???? ??? ??? ??????? ??? ???????????? ????? ?????, ??????? ? ????. ???? ???, ?? ??????? ?????? ??? ? ????? ????? ?? ???? ???????. ??? ????, ??? ???????? ???????? ?? ?????????? ? ?????, ???????????????? ?????? ???????, ?? ????????? ?? ?????? ??????????. ???????? Knecht ? ????? ? ??????? ??????????? ????????????? ????????, ??????? ???????? ??????. ????? ?????? ?????? ?? ?????? ??????'? ????? ?? ?????????. ??? ??????? ??????????? ????????? ??????? ? ??????????? ? ???????? ???????? ??????????. ???? ???? ????? ????????????? ? ???? ???? ?????: ?????? ?????????? ??? ?????? ????????????.

?????? ?????? ????????????? ?????? ? ????????????? 10-20 ???. ?? ??????? ??? 1 ???.",3453425,simple,0,234,instock,100,0,?????? ????????????,???????,no,yes,yes,???????,,no,no,no,???????????????? ???????,,no,no,no,??? ???? ????????,,no,no,no,??'?? ??????,,no,no,no,??? ?????,,no,no,no,?'??????? ??????? ?? SAE,,no,no,no,????????????,,no,no,no,????????? ?????? ???????,,no,no,no,????????????? ???,,no,no,no,????????,Knecht,no,no,no,%d0%bc%d0%b0%d1%80%d0%ba%d0%b0-%d0%b0%d0%b2%d1%82%d0%be%d0%bc%d0%be%d0%b1%d1%96%d0%bb%d1%8f,,no,no,no,%d0%bc%d0%be%d0%b4%d0%b5%d0%bb%d1%8c-%d0%b2%d0%b0%d1%88%d0%be%d0%b3%d0%be-%d0%b0%d0%b2%d1%82%d0%be%d0%bc%d0%be%d0%b1%d1%96%d0%bb%d1%8f,,no,no,no,%d0%be%d0%b1%d1%94%d0%bc-%d0%b4%d0%b2%d0%b8%d0%b3%d1%83%d0%bd%d0%b0,,no,no,no,%d0%be%d0%b1%d1%94%d0%bc-%d0%b4%d0%b2%d0%b8%d0%b3%d1%83%d0%bd%d0%b0-%d0%bb,,no,no,no,%d1%80%d1%96%d0%ba-%d0%b2%d0%b8%d0%bf%d1%83%d1%81%d0%ba%d1%83,,no,no,no,http://regosso-001-site1.ctempurl.com/wordpress/wp-content/uploads/2016/08/Knecht-LA100.jpg,Knecht-LA100.jpg,H:\root\home\regosso-001\www\germanoil1\wordpress/wp-content/uploads/2016/08/Knecht-LA100.jpg,129,Knecht-LA100,,,,,,,,,,,,simple,???????>??????? ??????,yes,no
131,?????? ???????? Knecht KC36,????????? ?????????? ????????? ??????? KC36 ??? ???????? KNECHT (????) ?????????????? ?? ??????? ??????????? ? ???????? ??????????. ?????? ???????????? ?? ???????????? ????????????? ?????????? ??????????? ?????? ????????? ??????? ? ??????????? ??????? ? ?????????? ?????. ???????????? ???????????? ????????? ?????????? ??? ???????? ?????? KNECHT ?????? ???????? ? ??????????? ?????? ??????? ?????? ??????????.,23456326,simple,0,254,outofstock,10,0,?????? ????????????,???????,no,yes,yes,???????,,no,no,no,???????????????? ???????,,no,no,no,??? ???? ????????,,no,no,no,??'?? ??????,,no,no,no,??? ?????,,no,no,no,?'??????? ??????? ?? SAE,,no,no,no,????????????,,no,no,no,????????? ?????? ???????,,no,no,no,????????????? ???,,no,no,no,????????,Knecht,no,no,no,%d0%bc%d0%b0%d1%80%d0%ba%d0%b0-%d0%b0%d0%b2%d1%82%d0%be%d0%bc%d0%be%d0%b1%d1%96%d0%bb%d1%8f,,no,no,no,%d0%bc%d0%be%d0%b4%d0%b5%d0%bb%d1%8c-%d0%b2%d0%b0%d1%88%d0%be%d0%b3%d0%be-%d0%b0%d0%b2%d1%82%d0%be%d0%bc%d0%be%d0%b1%d1%96%d0%bb%d1%8f,,no,no,no,%d0%be%d0%b1%d1%94%d0%bc-%d0%b4%d0%b2%d0%b8%d0%b3%d1%83%d0%bd%d0%b0,,no,no,no,%d0%be%d0%b1%d1%94%d0%bc-%d0%b4%d0%b2%d0%b8%d0%b3%d1%83%d0%bd%d0%b0-%d0%bb,,no,no,no,%d1%80%d1%96%d0%ba-%d0%b2%d0%b8%d0%bf%d1%83%d1%81%d0%ba%d1%83,,no,no,no,http://regosso-001-site1.ctempurl.com/wordpress/wp-content/uploads/2016/08/Knecht-KC36.jpg,Knecht-KC36.jpg,H:\root\home\regosso-001\www\germanoil1\wordpress/wp-content/uploads/2016/08/Knecht-KC36.jpg,132,Knecht KC36,,,,,,,,,,,,simple,???????>??????? ???????,yes,yes
133,????? ??????????? Bosch Aerotwin 500 ??,"???????????? BOSCH Aerotwin – ???????????? ??????? ????????? ????????, ???? ??????? ? ???? ???????? ?????????????? ?????? ?? ?????? ??????. ????? ???? ????? ????? ???????????? ???????, ???? ?????????? ??????? ?????????????? ?? ??????? ?????????. ?????? ??????? ???????? ? ????????????????? ????, ?? ?????????? ???????? ??????. ???????????? Bosch Aerotwin ???????? ?????? ??????? ????? ???????????? ???????????, ?? ACE, AutoZeitung, AutoBld, ADAC.",2345,simple,0,344,instock,100,9,?????? ????????????,,no,no,no,???????,,no,no,no,???????????????? ???????,,no,no,no,??? ???? ????????,,no,no,no,??'?? ??????,,no,no,no,??? ?????,,no,no,no,?'??????? ??????? ?? SAE,,no,no,no,????????????,,no,no,no,????????? ?????? ???????,,no,no,no,????????????? ???,,no,no,no,????????,,no,no,no,%d0%bc%d0%b0%d1%80%d0%ba%d0%b0-%d0%b0%d0%b2%d1%82%d0%be%d0%bc%d0%be%d0%b1%d1%96%d0%bb%d1%8f,,no,no,no,%d0%bc%d0%be%d0%b4%d0%b5%d0%bb%d1%8c-%d0%b2%d0%b0%d1%88%d0%be%d0%b3%d0%be-%d0%b0%d0%b2%d1%82%d0%be%d0%bc%d0%be%d0%b1%d1%96%d0%bb%d1%8f,,no,no,no,%d0%be%d0%b1%d1%94%d0%bc-%d0%b4%d0%b2%d0%b8%d0%b3%d1%83%d0%bd%d0%b0,,no,no,no,%d0%be%d0%b1%d1%94%d0%bc-%d0%b4%d0%b2%d0%b8%d0%b3%d1%83%d0%bd%d0%b0-%d0%bb,,no,no,no,%d1%80%d1%96%d0%ba-%d0%b2%d0%b8%d0%bf%d1%83%d1%81%d0%ba%d1%83,,no,no,no,http://regosso-001-site1.ctempurl.com/wordpress/wp-content/uploads/2016/08/353189661_w640_h640_1766525.jpg|http://regosso-001-site1.ctempurl.com/wordpress/wp-content/uploads/2016/08/353189661_w640_h640_1766525-1.jpg|http://regosso-001-site1.ctempurl.com/wordpress/wp-content/uploads/2016/08/logo-1.jpg|http://regosso-001-site1.ctempurl.com/wordpress/wp-content/uploads/2016/08/bosh-aerotwin-500-2.jpg,353189661_w640_h640_1766525.jpg|353189661_w640_h640_1766525-1.jpg|logo-1.jpg|bosh-aerotwin-500-2.jpg,H:\root\home\regosso-001\www\germanoil1\wordpress/wp-content/uploads/2016/08/353189661_w640_h640_1766525.jpg|H:\root\home\regosso-001\www\germanoil1\wordpress/wp-content/uploads/2016/08/353189661_w640_h640_1766525-1.jpg|H:\root\home\regosso-001\www\germanoil1\wordpress/wp-content/uploads/2016/08/logo-1.jpg|H:\root\home\regosso-001\www\germanoil1\wordpress/wp-content/uploads/2016/08/bosh-aerotwin-500-2.jpg,136|137|138|139,353189661_w640_h640_1766525|logo|bosh-aerotwin-500-2,,,,,,,,,,,,simple,????? ?????????????,yes,no
143,?????? ???????????????? VAG Power Steering Fluid G004000M2 1? (??????),"<a href=""http://germanoil.in.ua/"" target=""_blank"">GermanOil</a>, ????????-??????? ???????????? ????? ?? ????????, ???????? ?????? ?????? ???????????????? G 004 000 M2 ??????????? VAG. ? ????????-???????? <a href=""http://germanoil.in.ua/"" target=""_blank"">GermanOil</a> ?? ????????? ????-??? ????? ?? ?????? MB, BMW, Toyota, WAG, Ford ?? ???? ??????????? ????? ?? ????????? ?????? ? ??????? ?? ?? ????????.

??? ????????-??????? ???????? ????????? ????? ?????? ??????????? ????????? ? ?????????. ???? ? ??? ??????? ????? ???????? ??? ?????? ?????? ???????????????? VAG G 004 000 M2, ?? ????????? ???????? ??????? ????? ?????????? ?? ????????. ?? ?????? ????????? ???????? ?????? ? ?????? ????????-???????? ? ????-??? ????? ??????? ??????? ??? ??? ???????????? ?????????.",345526,simple,0,285,instock,100,9,?????? ????????????,?????????,no,yes,yes,???????,,no,no,no,???????????????? ???????,,no,no,no,??? ???? ????????,,no,no,no,??'?? ??????,1.0 (?),no,yes,yes,??? ?????,??????????,no,yes,yes,?'??????? ??????? ?? SAE,,no,no,no,????????????,,no,no,no,????????? ?????? ???????,,no,no,no,????????????? ???,,no,no,no,????????,Volkswagen,no,yes,yes,%d0%bc%d0%b0%d1%80%d0%ba%d0%b0-%d0%b0%d0%b2%d1%82%d0%be%d0%bc%d0%be%d0%b1%d1%96%d0%bb%d1%8f,,no,no,no,%d0%bc%d0%be%d0%b4%d0%b5%d0%bb%d1%8c-%d0%b2%d0%b0%d1%88%d0%be%d0%b3%d0%be-%d0%b0%d0%b2%d1%82%d0%be%d0%bc%d0%be%d0%b1%d1%96%d0%bb%d1%8f,,no,no,no,%d0%be%d0%b1%d1%94%d0%bc-%d0%b4%d0%b2%d0%b8%d0%b3%d1%83%d0%bd%d0%b0,,no,no,no,%d0%be%d0%b1%d1%94%d0%bc-%d0%b4%d0%b2%d0%b8%d0%b3%d1%83%d0%bd%d0%b0-%d0%bb,,no,no,no,%d1%80%d1%96%d0%ba-%d0%b2%d0%b8%d0%bf%d1%83%d1%81%d0%ba%d1%83,,no,no,no,http://regosso-001-site1.ctempurl.com/wordpress/wp-content/uploads/2016/08/vag_g004000m2.jpg,vag_g004000m2.jpg,H:\root\home\regosso-001\www\germanoil1\wordpress/wp-content/uploads/2016/08/vag_g004000m2.jpg,144,vag_g004000m2,,,,,,,,,,,,simple,"?????, ?????????>????????? ?? ??????????? ??????",yes,no
145,????? ???????????? Mercedes-Benz ATF 236.14 1? (A001989680310),"???????????? ????? Mercedes-Benz 236.14 A 001 989 68 03 ?????????? ??? ???????????? ??????? ??????? ??????????? Mercedes-Benz.

???? ? ??? ??????? ????? ???????? ??? ?????? ?????, ?? ????????? ???????? ??????? ????? ?????????? ?? ????????. ?? ?????? ????????? ???????? ?????? ? ?????? ???????? ???????? <a href=""http://germanoil.in.ua/"" target=""_blank"">GermanOil</a> ? ????-??? ????? ??????? ??????? ??? ??? ???????????? ?????????.",3452351,simple,0,243,instock,100,247,?????? ????????????,?????????,no,no,no,???????,MB 236.14,no,yes,yes,???????????????? ???????,,no,no,no,??? ???? ????????,,no,no,no,??'?? ??????,1.0 (?),no,yes,yes,??? ?????,??????????,no,yes,yes,?'??????? ??????? ?? SAE,,no,no,no,????????????,,no,no,no,????????? ?????? ???????,,no,no,no,????????????? ???,,no,no,no,????????,Mercedes-Benz,no,yes,yes,%d0%bc%d0%b0%d1%80%d0%ba%d0%b0-%d0%b0%d0%b2%d1%82%d0%be%d0%bc%d0%be%d0%b1%d1%96%d0%bb%d1%8f,,no,no,no,%d0%bc%d0%be%d0%b4%d0%b5%d0%bb%d1%8c-%d0%b2%d0%b0%d1%88%d0%be%d0%b3%d0%be-%d0%b0%d0%b2%d1%82%d0%be%d0%bc%d0%be%d0%b1%d1%96%d0%bb%d1%8f,,no,no,no,%d0%be%d0%b1%d1%94%d0%bc-%d0%b4%d0%b2%d0%b8%d0%b3%d1%83%d0%bd%d0%b0,,no,no,no,%d0%be%d0%b1%d1%94%d0%bc-%d0%b4%d0%b2%d0%b8%d0%b3%d1%83%d0%bd%d0%b0-%d0%bb,,no,no,no,%d1%80%d1%96%d0%ba-%d0%b2%d0%b8%d0%bf%d1%83%d1%81%d0%ba%d1%83,,no,no,no,http://regosso-001-site1.ctempurl.com/wordpress/wp-content/uploads/2016/08/mercedes_benz___1989680310.jpg,mercedes_benz___1989680310.jpg,H:\root\home\regosso-001\www\germanoil1\wordpress/wp-content/uploads/2016/08/mercedes_benz___1989680310.jpg,147,mercedes_benz___1989680310,,,,,,,,,,,,simple,"?????, ?????????>????? ????????????",yes,yes
146,????? ??????? MOTUL 8100 X-cess 5W-40 2?,"Motul 8100 X-cess 5W40 ? ?????????? ??????? ?????, ??? ???????? ??????????? ? ??????????? ? ?????????? ????????? (? ?.?. ? ?????? ????????????? ?? ???????????? ???????????????). ???????? ??????????, ??????? ????, ???????? ????????????? ???????. 8100 X-cess 5W-40 ? ??? ???????? ??????? ??????????????, ?? ???????? ????????????? ???? ? ??????????? ??????. ?????????????? ? ????????, ?? ???????? ?? ???? ?????? ???????, ?????????? ? ???????? ?????? (LPG).???????? ?????? ????? ???????????? ?????????? ?? ???????????? ?????????????. Motul 8100 X-cess 5W-40 ??????? ? ???????????? ? ???????????? ????????? ???????. ????? ????????????? ????????? ?????????? ?? ???????????? ????????? ??????????.",3365462,simple,0,478,instock,0,5,?????? ????????????,???????,no,yes,yes,???????,OPEL GM LL-B-025 | MB-Approval 229.5 | BMW LL-01 | PORSCHE A40 | VW 502 00 / 505 00 | Renault RN 0710 / 0700 | GM-Opel LL B-025 (Diesel) |FIAT 9.55535-H2 | FIAT 9.55535-M2 | FIAT 9.55535-N2 | PSA B71 2296,no,yes,yes,???????????????? ???????,???,no,yes,yes,??? ???? ????????,??? ????,no,no,no,??'?? ??????,2.0 (?),no,yes,yes,??? ?????,??????????,no,yes,yes,?'??????? ??????? ?? SAE,5W-40,no,no,no,????????????,ACEA A3/B4| API SN/CF,no,no,no,????????? ?????? ???????,??????????????,no,no,no,????????????? ???,???????? ???????????,no,no,no,????????,Motul,no,no,no,%d0%bc%d0%b0%d1%80%d0%ba%d0%b0-%d0%b0%d0%b2%d1%82%d0%be%d0%bc%d0%be%d0%b1%d1%96%d0%bb%d1%8f,,no,no,no,%d0%bc%d0%be%d0%b4%d0%b5%d0%bb%d1%8c-%d0%b2%d0%b0%d1%88%d0%be%d0%b3%d0%be-%d0%b0%d0%b2%d1%82%d0%be%d0%bc%d0%be%d0%b1%d1%96%d0%bb%d1%8f,,no,no,no,%d0%be%d0%b1%d1%94%d0%bc-%d0%b4%d0%b2%d0%b8%d0%b3%d1%83%d0%bd%d0%b0,,no,no,no,%d0%be%d0%b1%d1%94%d0%bc-%d0%b4%d0%b2%d0%b8%d0%b3%d1%83%d0%bd%d0%b0-%d0%bb,,no,no,no,%d1%80%d1%96%d0%ba-%d0%b2%d0%b8%d0%bf%d1%83%d1%81%d0%ba%d1%83,,no,no,no,,,H:\root\home\regosso-001\www\germanoil1\wordpress/wp-content/uploads/2016/09/motoroil-MOTUL8100X-cess5W-40 2L_w800_h640_69239.jpg,148,motoroil-MOTUL8100X-cess5W-40 2L_w800_h640_69239.jpg,????? ???????,,????? ??????? MOTUL 8100 X-cess 5W-40 2?,,,,,,,,,simple,"?????, ?????????>????? ???????",yes,yes
